ad_id,ad_url,ad_start_date,ad_end_date,page_id,page_name,sponsor_name,publisher_platforms,ads_with_same_creative_text,political_disclaimer
841833187350092,https://www.facebook.com/ads/library/?id=841833187350092,2023-10-18,2023-10-19,100079008013135,Anna Carolina,-,"facebook,instagram,messenger,audience_network",1,FALSE
1345575302728816,https://www.facebook.com/ads/library/?id=1345575302728816,2023-10-18,2023-10-18,100090434301203,Programa VoaBrasil,-,"facebook,instagram,messenger,audience_network",1,FALSE
285711744371170,https://www.facebook.com/ads/library/?id=285711744371170,2023-10-18,2023-10-18,100090434301203,Programa VoaBrasil,-,"facebook,instagram,messenger,audience_network",1,FALSE
704599457793649,https://www.facebook.com/ads/library/?id=704599457793649,2023-10-18,2023-10-18,100090434301203,Programa VoaBrasil,-,"facebook,instagram,messenger,audience_network",1,FALSE
1263638251002221,https://www.facebook.com/ads/library/?id=1263638251002221,2023-10-18,2023-10-18,100090434301203,Programa VoaBrasil,-,"facebook,instagram,messenger,audience_network",1,FALSE
1333012703998401,https://www.facebook.com/ads/library/?id=1333012703998401,2023-10-18,2023-10-18,100090434301203,Programa VoaBrasil,-,"facebook,instagram,messenger,audience_network",1,FALSE
1043295137091643,https://www.facebook.com/ads/library/?id=1043295137091643,2023-10-18,2023-10-18,100090434301203,Programa VoaBrasil,-,"facebook,instagram,messenger,audience_network",2,FALSE
3615173735420567,https://www.facebook.com/ads/library/?id=3615173735420567,2023-10-18,2023-10-18,100090434301203,Programa VoaBrasil,-,"facebook,instagram,messenger,audience_network",1,FALSE
1469175780594732,https://www.facebook.com/ads/library/?id=1469175780594732,2023-10-18,2023-10-18,100064015934141,Carlito Mendes,-,"facebook,instagram,messenger,audience_network",1,FALSE
1943381716062035,https://www.facebook.com/ads/library/?id=1943381716062035,2023-10-18,2023-10-18,100064015934141,Carlito Mendes,-,"facebook,instagram,messenger,audience_network",2,FALSE
1133034511437491,https://www.facebook.com/ads/library/?id=1133034511437491,2023-10-18,2023-10-18,100064015934141,Carlito Mendes,-,"facebook,instagram,messenger,audience_network",2,FALSE
270412332647553,https://www.facebook.com/ads/library/?id=270412332647553,2023-10-18,2023-10-18,100064015934141,Carlito Mendes,-,"facebook,instagram,messenger",2,FALSE
276988077998193,https://www.facebook.com/ads/library/?id=276988077998193,2023-10-18,2023-10-18,100092301429146,Programa VoaBrasil,-,"facebook,instagram,messenger,audience_network",4,FALSE
825675545703038,https://www.facebook.com/ads/library/?id=825675545703038,2023-10-18,2023-10-18,100092301429146,Programa VoaBrasil,-,"facebook,instagram,messenger,audience_network",17,FALSE
1408312886700407,https://www.facebook.com/ads/library/?id=1408312886700407,2023-10-18,2023-10-18,100092301429146,Programa VoaBrasil,-,"facebook,instagram,messenger,audience_network",19,FALSE
1376221659994792,https://www.facebook.com/ads/library/?id=1376221659994792,2023-10-18,2023-10-18,61551508672383,Notícias e Globais,-,"facebook,instagram,messenger,audience_network",1,FALSE
367452365637118,https://www.facebook.com/ads/library/?id=367452365637118,2023-10-18,2023-10-18,61552138184439,Programa VoaBrasil,-,"facebook,instagram,messenger,audience_network",2,FALSE
849873573180816,https://www.facebook.com/ads/library/?id=849873573180816,2023-10-18,2023-10-18,100081899022458,G1 - Geraldo Alves,-,"facebook,instagram,messenger,audience_network",1,FALSE
1222880918371696,https://www.facebook.com/ads/library/?id=1222880918371696,2023-07-03,2023-10-19,-,Viagens Baratas,-,"facebook,instagram,messenger,audience_network",1,FALSE
352754280429763,https://www.facebook.com/ads/library/?id=352754280429763,2023-10-13,2023-10-18,61552044423214,Programa Voa Brasil,-,"facebook,instagram,messenger,audience_network",1,FALSE
888303212213600,https://www.facebook.com/ads/library/?id=888303212213600,2023-10-18,2023-10-18,61552138184439,Programa VoaBrasil,-,"facebook,instagram,messenger,audience_network",2,FALSE
723105182774978,https://www.facebook.com/ads/library/?id=723105182774978,2023-10-14,2023-10-19,100095405642042,Dário Henry,-,"facebook,instagram,messenger,audience_network",1,FALSE
1757635431408550,https://www.facebook.com/ads/library/?id=1757635431408550,2023-10-14,2023-10-18,100095405642042,Dário Henry,-,"facebook,instagram,messenger,audience_network",1,FALSE
249056904433786,https://www.facebook.com/ads/library/?id=249056904433786,2023-10-18,2023-10-18,100091921761790,Programa VoaBrasil,-,"facebook,instagram,messenger,audience_network",3,FALSE
1480009059510226,https://www.facebook.com/ads/library/?id=1480009059510226,2023-10-14,2023-10-18,61552021034274,Programa VoaBrasil,-,"facebook,instagram,messenger,audience_network",1,FALSE
1418883008839017,https://www.facebook.com/ads/library/?id=1418883008839017,2023-10-18,2023-10-18,100091921761790,Programa VoaBrasil,-,"facebook,instagram,messenger,audience_network",7,FALSE
1374794556722034,https://www.facebook.com/ads/library/?id=1374794556722034,2023-10-16,2023-10-18,61551589109682,Programa VoaBrasil,-,"facebook,instagram,messenger,audience_network",1,FALSE
6879768318740431,https://www.facebook.com/ads/library/?id=6879768318740431,2023-10-16,2023-10-18,61551589109682,Programa VoaBrasil,-,"facebook,instagram,messenger,audience_network",7,FALSE
3635757736751366,https://www.facebook.com/ads/library/?id=3635757736751366,2023-10-16,2023-10-18,100092025887070,Programa Voa Brasil,-,"facebook,instagram",1,FALSE
1074258980256071,https://www.facebook.com/ads/library/?id=1074258980256071,2023-10-18,2023-10-19,100091921761790,Programa VoaBrasil,-,"facebook,instagram,messenger,audience_network",1,FALSE
199841013131202,https://www.facebook.com/ads/library/?id=199841013131202,2023-10-16,2023-10-18,100092025887070,Programa Voa Brasil,-,"facebook,instagram",6,FALSE
1006232063978843,https://www.facebook.com/ads/library/?id=1006232063978843,2023-10-17,2023-10-18,100092301429146,Programa VoaBrasil,-,"facebook,instagram,messenger,audience_network",1,FALSE
656445632969295,https://www.facebook.com/ads/library/?id=656445632969295,2023-10-17,2023-10-18,100092301429146,Programa VoaBrasil,-,"facebook,instagram,messenger,audience_network",1,FALSE
277453081933911,https://www.facebook.com/ads/library/?id=277453081933911,2023-10-18,2023-10-18,61552522110135,CNN Notícias,-,"facebook,instagram,messenger,audience_network",10,FALSE
1365575524160814,https://www.facebook.com/ads/library/?id=1365575524160814,2023-10-17,2023-10-18,100092301429146,Programa VoaBrasil,-,"facebook,instagram,messenger,audience_network",1,FALSE
225901703611161,https://www.facebook.com/ads/library/?id=225901703611161,2023-10-17,2023-10-18,100092301429146,Programa VoaBrasil,-,"facebook,instagram,messenger,audience_network",1,FALSE
991901828732258,https://www.facebook.com/ads/library/?id=991901828732258,2023-10-16,2023-10-19,61552503990896,Programa VoaBrasil,-,"facebook,instagram,messenger,audience_network",2,FALSE
532960459035015,https://www.facebook.com/ads/library/?id=532960459035015,2023-10-18,2023-10-19,61552503990896,Programa VoaBrasil,-,"facebook,instagram,messenger,audience_network",10,FALSE
348909647699911,https://www.facebook.com/ads/library/?id=348909647699911,2023-10-17,2023-10-18,61551416507988,Choquei,-,"facebook,instagram,messenger",1,FALSE
894000195478852,https://www.facebook.com/ads/library/?id=894000195478852,2023-10-17,2023-10-18,61551416507988,Choquei,-,"facebook,instagram,messenger",1,FALSE
1694967540978194,https://www.facebook.com/ads/library/?id=1694967540978194,2023-10-18,2023-10-18,61552522110135,CNN Notícias,-,"facebook,instagram,messenger,audience_network",12,FALSE
1472051203529111,https://www.facebook.com/ads/library/?id=1472051203529111,2023-10-17,2023-10-18,61552109565715,Programa Voa Brasil,-,"facebook,instagram,messenger,audience_network",1,FALSE
1220294195595230,https://www.facebook.com/ads/library/?id=1220294195595230,2023-10-17,2023-10-18,61552109565715,Programa Voa Brasil,-,"facebook,instagram,messenger,audience_network",1,FALSE
996128055019921,https://www.facebook.com/ads/library/?id=996128055019921,2023-10-17,2023-10-18,61552109565715,Programa Voa Brasil,-,"facebook,instagram,messenger,audience_network",1,FALSE
722508826364885,https://www.facebook.com/ads/library/?id=722508826364885,2023-10-18,2023-10-18,61552522110135,CNN Notícias,-,"facebook,instagram,messenger,audience_network",2,FALSE
595002632684917,https://www.facebook.com/ads/library/?id=595002632684917,2023-10-17,2023-10-18,61552109565715,Programa Voa Brasil,-,"facebook,instagram,messenger,audience_network",1,FALSE
285880997619307,https://www.facebook.com/ads/library/?id=285880997619307,2023-10-17,2023-10-18,61552109565715,Programa Voa Brasil,-,"facebook,instagram,messenger,audience_network",1,FALSE
736321411664044,https://www.facebook.com/ads/library/?id=736321411664044,2023-10-17,2023-10-18,61552109565715,Programa Voa Brasil,-,"facebook,instagram,messenger,audience_network",2,FALSE
1167659041266357,https://www.facebook.com/ads/library/?id=1167659041266357,2023-10-17,2023-10-19,61551684844550,Jornal Brasil,-,"facebook,instagram,messenger",3,FALSE
199079356544187,https://www.facebook.com/ads/library/?id=199079356544187,2023-10-17,2023-10-19,61550894142923,Passagem barata,-,"facebook,instagram,messenger,audience_network",7,FALSE
313018851446031,https://www.facebook.com/ads/library/?id=313018851446031,2023-10-17,2023-10-18,100092301429146,Programa VoaBrasil,-,"facebook,instagram,messenger,audience_network",40,FALSE
233057206442821,https://www.facebook.com/ads/library/?id=233057206442821,2023-10-18,2023-10-19,61552696100075,CNN News,-,"facebook,instagram,messenger,audience_network",12,FALSE
194761316986676,https://www.facebook.com/ads/library/?id=194761316986676,2023-10-17,2023-10-18,100092301429146,Programa VoaBrasil,-,"facebook,instagram,messenger,audience_network",38,FALSE
1381344335816276,https://www.facebook.com/ads/library/?id=1381344335816276,2023-10-18,2023-10-18,61551257321426,Programa VoaBrasil,-,"facebook,instagram,messenger,audience_network",9,FALSE
865945211752041,https://www.facebook.com/ads/library/?id=865945211752041,2023-10-17,2023-10-18,61552556459711,Voa Brasil,-,"facebook,instagram,messenger,audience_network",1,FALSE
255098984199954,https://www.facebook.com/ads/library/?id=255098984199954,2023-10-17,2023-10-18,61550894142923,Passagem barata,-,"facebook,instagram,messenger,audience_network",6,FALSE
1383787229012391,https://www.facebook.com/ads/library/?id=1383787229012391,2023-10-17,2023-10-18,61550894142923,Passagem barata,-,"facebook,instagram,messenger,audience_network",1,FALSE
812644240603386,https://www.facebook.com/ads/library/?id=812644240603386,2023-10-18,2023-10-18,100090434301203,Programa VoaBrasil,-,"facebook,instagram,messenger,audience_network",1,FALSE
693037056093682,https://www.facebook.com/ads/library/?id=693037056093682,2023-10-18,2023-10-18,100090434301203,Programa VoaBrasil,-,"facebook,instagram,messenger,audience_network",1,FALSE
275981305412282,https://www.facebook.com/ads/library/?id=275981305412282,2023-10-18,2023-10-19,61550578417662,Fernanda Rabelo,-,"facebook,instagram,messenger",2,FALSE
551556490461177,https://www.facebook.com/ads/library/?id=551556490461177,2023-10-18,2023-10-19,61550578417662,Fernanda Rabelo,-,"facebook,instagram,messenger",1,FALSE
642136921375633,https://www.facebook.com/ads/library/?id=642136921375633,2023-10-18,2023-10-19,61550578417662,Fernanda Rabelo,-,"facebook,instagram,messenger",1,FALSE
704101871752884,https://www.facebook.com/ads/library/?id=704101871752884,2023-10-18,2023-10-19,61550578417662,Fernanda Rabelo,-,"facebook,instagram,messenger",1,FALSE
841669443987029,https://www.facebook.com/ads/library/?id=841669443987029,2023-10-18,2023-10-19,61550578417662,Fernanda Rabelo,-,"facebook,instagram,messenger",2,FALSE
842905137311009,https://www.facebook.com/ads/library/?id=842905137311009,2023-10-18,2023-10-19,61550578417662,Fernanda Rabelo,-,"facebook,instagram,messenger",1,FALSE
854689202975618,https://www.facebook.com/ads/library/?id=854689202975618,2023-10-19,2023-10-19,61550578417662,Fernanda Rabelo,-,"facebook,instagram,messenger",1,FALSE
1001617197808750,https://www.facebook.com/ads/library/?id=1001617197808750,2023-10-18,2023-10-19,61550578417662,Fernanda Rabelo,-,"facebook,instagram,messenger",2,FALSE
1071038237399279,https://www.facebook.com/ads/library/?id=1071038237399279,2023-10-18,2023-10-19,61550578417662,Fernanda Rabelo,-,"facebook,instagram,messenger",1,FALSE
1117346756313337,https://www.facebook.com/ads/library/?id=1117346756313337,2023-10-19,2023-10-19,61550578417662,Fernanda Rabelo,-,"facebook,instagram,messenger",1,FALSE
6668772463159855,https://www.facebook.com/ads/library/?id=6668772463159855,2023-10-18,2023-10-19,61550578417662,Fernanda Rabelo,-,"facebook,instagram,messenger",1,FALSE
269595079401135,https://www.facebook.com/ads/library/?id=269595079401135,2023-10-18,2023-10-18,100088858272855,Larissa Lima,-,"facebook,instagram,messenger,audience_network",6,FALSE
203457782768737,https://www.facebook.com/ads/library/?id=203457782768737,2023-10-18,2023-10-19,100090256929632,Nicoli Sanchezz,-,"facebook,instagram,messenger,audience_network",9,FALSE
1248084665848928,https://www.facebook.com/ads/library/?id=1248084665848928,2023-10-18,2023-10-19,100090256929632,Nicoli Sanchezz,-,"facebook,instagram,messenger,audience_network",3,FALSE
298454806378586,https://www.facebook.com/ads/library/?id=298454806378586,2023-10-18,2023-10-19,100088858272855,Larissa Lima,-,"facebook,instagram,messenger,audience_network",15,FALSE
175291772298264,https://www.facebook.com/ads/library/?id=175291772298264,2023-10-18,2023-10-19,100090256929632,Nicoli Sanchezz,-,"facebook,instagram,messenger,audience_network",6,FALSE
288753783991219,https://www.facebook.com/ads/library/?id=288753783991219,2023-10-18,2023-10-19,100092941846365,Roberta Morais,-,"facebook,instagram,messenger,audience_network",18,FALSE
171730282596196,https://www.facebook.com/ads/library/?id=171730282596196,2023-10-18,2023-10-19,61550310592838,Notícias Atuais,-,"facebook,instagram,messenger,audience_network",1,FALSE
1073741496953079,https://www.facebook.com/ads/library/?id=1073741496953079,2023-10-18,2023-10-19,61550310592838,Notícias Atuais,-,"facebook,instagram,messenger,audience_network",1,FALSE
131176236753142,https://www.facebook.com/ads/library/?id=131176236753142,2023-10-18,2023-10-19,61550571951523,Jornal do Povo,-,"facebook,instagram,messenger,audience_network",12,FALSE
221826564070729,https://www.facebook.com/ads/library/?id=221826564070729,2023-10-18,2023-10-18,61552522110135,CNN Notícias,-,"facebook,instagram,messenger,audience_network",20,FALSE
665042122275553,https://www.facebook.com/ads/library/?id=665042122275553,2023-10-18,2023-10-18,61552522110135,CNN Notícias,-,"facebook,instagram,messenger,audience_network",21,FALSE
690535399683217,https://www.facebook.com/ads/library/?id=690535399683217,2023-10-18,2023-10-19,61552163612557,Geovanna Camargo,-,"facebook,instagram,messenger,audience_network",1,FALSE
198264449973503,https://www.facebook.com/ads/library/?id=198264449973503,2023-10-19,2023-10-19,61552482095278,Projeto Voa Brasil,-,"facebook,instagram,messenger",2,FALSE
286595880868309,https://www.facebook.com/ads/library/?id=286595880868309,2023-10-19,2023-10-19,61552482095278,Projeto Voa Brasil,-,"facebook,instagram,messenger",1,FALSE
299207132883951,https://www.facebook.com/ads/library/?id=299207132883951,2023-10-19,2023-10-19,61552482095278,Projeto Voa Brasil,-,"facebook,instagram,messenger",1,FALSE
860584968924093,https://www.facebook.com/ads/library/?id=860584968924093,2023-10-19,2023-10-19,61552482095278,Projeto Voa Brasil,-,"facebook,instagram,messenger",1,FALSE
865955431786728,https://www.facebook.com/ads/library/?id=865955431786728,2023-10-19,2023-10-19,61552482095278,Projeto Voa Brasil,-,"facebook,instagram,messenger",1,FALSE
1062754034902646,https://www.facebook.com/ads/library/?id=1062754034902646,2023-10-19,2023-10-19,61552482095278,Projeto Voa Brasil,-,"facebook,instagram,messenger",1,FALSE
1297347811665692,https://www.facebook.com/ads/library/?id=1297347811665692,2023-10-19,2023-10-19,61552482095278,Projeto Voa Brasil,-,"facebook,instagram,messenger",1,FALSE
2136831209852753,https://www.facebook.com/ads/library/?id=2136831209852753,2023-10-18,2023-10-19,61551903211123,Folha de Hoje,-,"facebook,instagram,messenger,audience_network",2,FALSE
6770146563028439,https://www.facebook.com/ads/library/?id=6770146563028439,2023-10-18,2023-10-18,61551257321426,Programa VoaBrasil,-,"facebook,instagram,messenger,audience_network",3,FALSE
857304022455514,https://www.facebook.com/ads/library/?id=857304022455514,2023-10-18,2023-10-18,61551257321426,Programa VoaBrasil,-,"facebook,instagram,messenger,audience_network",1,FALSE
884115926612847,https://www.facebook.com/ads/library/?id=884115926612847,2023-10-18,2023-10-18,61551257321426,Programa VoaBrasil,-,"facebook,instagram,messenger,audience_network",1,FALSE
3658203761132151,https://www.facebook.com/ads/library/?id=3658203761132151,2023-10-18,2023-10-19,61552522110135,CNN Notícias,-,"facebook,instagram,messenger,audience_network",7,FALSE
1382407612374883,https://www.facebook.com/ads/library/?id=1382407612374883,2023-10-18,2023-10-19,61552522110135,CNN Notícias,-,"facebook,instagram,messenger,audience_network",4,FALSE
1012435606648839,https://www.facebook.com/ads/library/?id=1012435606648839,2023-10-17,2023-10-18,61551257321426,Programa VoaBrasil,-,"facebook,instagram,messenger,audience_network",1,FALSE
1108729536763824,https://www.facebook.com/ads/library/?id=1108729536763824,2023-10-17,2023-10-19,61551510381988,Julianne Castrinn,-,"facebook,instagram,messenger,audience_network",2,FALSE
292107096982147,https://www.facebook.com/ads/library/?id=292107096982147,2023-10-18,2023-10-18,108039975732463,Fernanda Rabelo,-,"facebook,instagram,messenger",-,TRUE
345793934597155,https://www.facebook.com/ads/library/?id=345793934597155,2023-10-19,2023-10-19,108039975732463,Fernanda Rabelo,-,"facebook,instagram,messenger",-,TRUE
1121763579230016,https://www.facebook.com/ads/library/?id=1121763579230016,2023-10-18,2023-10-18,108039975732463,Fernanda Rabelo,-,"facebook,instagram,messenger",-,TRUE
342887971745290,https://www.facebook.com/ads/library/?id=342887971745290,2023-10-18,2023-10-18,147787068413808,Geovanna Camargo,-,"facebook,instagram,messenger,audience_network",-,TRUE
1072889920551481,https://www.facebook.com/ads/library/?id=1072889920551481,2023-10-18,2023-10-18,147787068413808,Geovanna Camargo,-,"facebook,instagram,messenger,audience_network",-,TRUE
846705697109948,https://www.facebook.com/ads/library/?id=846705697109948,2023-10-19,2023-10-19,131453283392791,Projeto Voa Brasil,-,"facebook,instagram,messenger",-,TRUE
1378385222818420,https://www.facebook.com/ads/library/?id=1378385222818420,2023-10-18,2023-10-18,118235791260481,Notícias Recentes,-,"facebook,instagram,messenger,audience_network",-,TRUE
273296622344362,https://www.facebook.com/ads/library/?id=273296622344362,2023-10-18,2023-10-18,118235791260481,Notícias Recentes,-,"facebook,instagram,messenger,audience_network",-,TRUE
199251079859957,https://www.facebook.com/ads/library/?id=199251079859957,2023-10-18,2023-10-18,113818898308526,Programa VoaBrasil,-,"facebook,instagram,messenger,audience_network",-,TRUE
1277317967002226,https://www.facebook.com/ads/library/?id=1277317967002226,2023-10-18,2023-10-18,139743542553866,Jéssica Feitosa,-,"facebook,instagram,messenger,audience_network",-,TRUE
2814985302027365,https://www.facebook.com/ads/library/?id=2814985302027365,2023-10-18,2023-10-18,117164228024034,Programa VoaBrasil,-,"facebook,instagram,messenger,audience_network",-,TRUE
650300277088965,https://www.facebook.com/ads/library/?id=650300277088965,2023-10-18,2023-10-18,117164228024034,Programa VoaBrasil,-,"facebook,instagram,messenger,audience_network",-,TRUE
3481045815544749,https://www.facebook.com/ads/library/?id=3481045815544749,2023-10-18,2023-10-18,117164228024034,Programa VoaBrasil,-,"facebook,instagram,messenger,audience_network",-,TRUE
1051039902919810,https://www.facebook.com/ads/library/?id=1051039902919810,2023-10-18,2023-10-18,117164228024034,Programa VoaBrasil,-,"facebook,instagram,messenger,audience_network",-,TRUE
2806173352853958,https://www.facebook.com/ads/library/?id=2806173352853958,2023-10-18,2023-10-18,117164228024034,Programa VoaBrasil,-,"facebook,instagram,messenger,audience_network",-,TRUE
632696088938706,https://www.facebook.com/ads/library/?id=632696088938706,2023-10-18,2023-10-18,132911539914011,Programa Voa Brasil,-,"facebook,instagram,messenger,audience_network",-,TRUE
855732769629345,https://www.facebook.com/ads/library/?id=855732769629345,2023-10-18,2023-10-18,132911539914011,Programa Voa Brasil,-,"facebook,instagram,messenger,audience_network",-,TRUE
1054896872610306,https://www.facebook.com/ads/library/?id=1054896872610306,2023-10-18,2023-10-18,132911539914011,Programa Voa Brasil,-,"facebook,instagram,messenger,audience_network",-,TRUE
1289209411778598,https://www.facebook.com/ads/library/?id=1289209411778598,2023-10-18,2023-10-18,132911539914011,Programa Voa Brasil,-,"facebook,instagram,messenger,audience_network",-,TRUE
257679150567714,https://www.facebook.com/ads/library/?id=257679150567714,2023-10-18,2023-10-18,111185391963086,Programa VoaBrasil,-,"facebook,instagram,messenger,audience_network",-,TRUE
319861497457419,https://www.facebook.com/ads/library/?id=319861497457419,2023-10-18,2023-10-18,111185391963086,Programa VoaBrasil,-,"facebook,instagram,messenger,audience_network",-,TRUE
1771132686674516,https://www.facebook.com/ads/library/?id=1771132686674516,2023-10-18,2023-10-18,149489318247823,CNN Notícias,-,"facebook,instagram,messenger,audience_network",-,TRUE
165236066658826,https://www.facebook.com/ads/library/?id=165236066658826,2023-10-18,2023-10-18,149489318247823,CNN Notícias,-,"facebook,instagram,messenger,audience_network",-,TRUE
2635144526651164,https://www.facebook.com/ads/library/?id=2635144526651164,2023-10-18,2023-10-18,149489318247823,CNN Notícias,-,"facebook,instagram,messenger,audience_network",-,TRUE
6743445535732164,https://www.facebook.com/ads/library/?id=6743445535732164,2023-10-18,2023-10-18,149489318247823,CNN Notícias,-,"facebook,instagram,messenger,audience_network",-,TRUE
1512082649602404,https://www.facebook.com/ads/library/?id=1512082649602404,2023-10-17,2023-10-18,119567177910274,Passagem barata,-,"facebook,instagram,messenger,audience_network",-,TRUE
860444652458189,https://www.facebook.com/ads/library/?id=860444652458189,2023-10-18,2023-10-18,112250627086404,Beatriz Soares,-,"facebook,instagram,messenger,audience_network",-,TRUE
273260405081431,https://www.facebook.com/ads/library/?id=273260405081431,2023-10-18,2023-10-18,120705314449889,Simone G.,-,"facebook,instagram,messenger,audience_network",-,TRUE
868862667750813,https://www.facebook.com/ads/library/?id=868862667750813,2023-10-18,2023-10-18,147787068413808,Geovanna Camargo,-,"facebook,instagram,messenger,audience_network",-,TRUE
288239794163267,https://www.facebook.com/ads/library/?id=288239794163267,2023-10-18,2023-10-18,147787068413808,Geovanna Camargo,-,"facebook,instagram,messenger,audience_network",-,TRUE
317426130901492,https://www.facebook.com/ads/library/?id=317426130901492,2023-10-18,2023-10-18,147787068413808,Geovanna Camargo,-,"facebook,instagram,messenger,audience_network",-,TRUE
288369730702969,https://www.facebook.com/ads/library/?id=288369730702969,2023-10-18,2023-10-18,147787068413808,Geovanna Camargo,-,"facebook,instagram,messenger,audience_network",-,TRUE
3362467330566575,https://www.facebook.com/ads/library/?id=3362467330566575,2023-10-18,2023-10-18,147787068413808,Geovanna Camargo,-,"facebook,instagram,messenger,audience_network",-,TRUE
1459365621310351,https://www.facebook.com/ads/library/?id=1459365621310351,2023-10-17,2023-10-17,136802662855631,Marina Cavani,-,"facebook,instagram,messenger,audience_network",-,TRUE
6716346771752584,https://www.facebook.com/ads/library/?id=6716346771752584,2023-10-17,2023-10-18,136802662855631,Marina Cavani,-,"facebook,instagram,messenger,audience_network",-,TRUE
238141279252351,https://www.facebook.com/ads/library/?id=238141279252351,2023-10-17,2023-10-18,136802662855631,Marina Cavani,-,"facebook,instagram,messenger,audience_network",-,TRUE
985720502534258,https://www.facebook.com/ads/library/?id=985720502534258,2023-10-17,2023-10-17,136802662855631,Marina Cavani,-,"facebook,instagram,messenger,audience_network",-,TRUE
1038010937335828,https://www.facebook.com/ads/library/?id=1038010937335828,2023-10-17,2023-10-18,136802662855631,Marina Cavani,-,"facebook,instagram,messenger,audience_network",-,TRUE
353840173970915,https://www.facebook.com/ads/library/?id=353840173970915,2023-10-17,2023-10-18,104474512760321,Ultimas Noticias Urgentes,-,"facebook,instagram,messenger,audience_network",-,TRUE
317445380887806,https://www.facebook.com/ads/library/?id=317445380887806,2023-10-17,2023-10-17,113728088321325,Noticias do Dia,-,"facebook,instagram",-,TRUE
323605203687496,https://www.facebook.com/ads/library/?id=323605203687496,2023-10-17,2023-10-17,113728088321325,Noticias do Dia,-,"facebook,instagram",-,TRUE
339950875229811,https://www.facebook.com/ads/library/?id=339950875229811,2023-10-17,2023-10-17,105885562347554,Amélia Limeira,-,"facebook,instagram",-,TRUE
340824201668500,https://www.facebook.com/ads/library/?id=340824201668500,2023-10-17,2023-10-17,105885562347554,Amélia Limeira,-,"facebook,instagram",-,TRUE
733777305442623,https://www.facebook.com/ads/library/?id=733777305442623,2023-10-17,2023-10-17,113728088321325,Noticias do Dia,-,"facebook,instagram",-,TRUE
847395720220339,https://www.facebook.com/ads/library/?id=847395720220339,2023-10-17,2023-10-17,105885562347554,Amélia Limeira,-,"facebook,instagram",-,TRUE
867528027965794,https://www.facebook.com/ads/library/?id=867528027965794,2023-10-17,2023-10-17,113728088321325,Noticias do Dia,-,"facebook,instagram",-,TRUE
869208164352623,https://www.facebook.com/ads/library/?id=869208164352623,2023-10-17,2023-10-17,113728088321325,Noticias do Dia,-,"facebook,instagram",-,TRUE
1017282622724966,https://www.facebook.com/ads/library/?id=1017282622724966,2023-10-17,2023-10-17,105885562347554,Amélia Limeira,-,"facebook,instagram",-,TRUE
1026840188506593,https://www.facebook.com/ads/library/?id=1026840188506593,2023-10-17,2023-10-17,113728088321325,Noticias do Dia,-,"facebook,instagram",-,TRUE
1032594451410384,https://www.facebook.com/ads/library/?id=1032594451410384,2023-10-17,2023-10-17,105885562347554,Amélia Limeira,-,"facebook,instagram",-,TRUE
1063381544682340,https://www.facebook.com/ads/library/?id=1063381544682340,2023-10-17,2023-10-17,105885562347554,Amélia Limeira,-,"facebook,instagram",-,TRUE
1578420075895943,https://www.facebook.com/ads/library/?id=1578420075895943,2023-10-17,2023-10-17,105885562347554,Amélia Limeira,-,"facebook,instagram",-,TRUE
1614109645781737,https://www.facebook.com/ads/library/?id=1614109645781737,2023-10-17,2023-10-17,113728088321325,Noticias do Dia,-,"facebook,instagram",-,TRUE
2296141924109268,https://www.facebook.com/ads/library/?id=2296141924109268,2023-10-17,2023-10-17,113728088321325,Noticias do Dia,-,"facebook,instagram",-,TRUE
3178035942498442,https://www.facebook.com/ads/library/?id=3178035942498442,2023-10-17,2023-10-17,113728088321325,Noticias do Dia,-,"facebook,instagram",-,TRUE
3646076268996286,https://www.facebook.com/ads/library/?id=3646076268996286,2023-10-17,2023-10-17,113728088321325,Noticias do Dia,-,"facebook,instagram",-,TRUE
6800982216629052,https://www.facebook.com/ads/library/?id=6800982216629052,2023-10-17,2023-10-17,105885562347554,Amélia Limeira,-,"facebook,instagram",-,TRUE
1045193176722890,https://www.facebook.com/ads/library/?id=1045193176722890,2023-10-17,2023-10-17,127200200484715,Notícias de SP,-,"facebook,instagram",-,TRUE
196123470174409,https://www.facebook.com/ads/library/?id=196123470174409,2023-10-17,2023-10-17,139743542553866,Jéssica Feitosa,-,"facebook,instagram,messenger,audience_network",-,TRUE
849557973245374,https://www.facebook.com/ads/library/?id=849557973245374,2023-10-17,2023-10-17,139743542553866,Jéssica Feitosa,-,"facebook,instagram,messenger,audience_network",-,TRUE
990496415540771,https://www.facebook.com/ads/library/?id=990496415540771,2023-10-17,2023-10-17,139743542553866,Jéssica Feitosa,-,"facebook,instagram,messenger,audience_network",-,TRUE
1053568029405262,https://www.facebook.com/ads/library/?id=1053568029405262,2023-10-17,2023-10-18,139743542553866,Jéssica Feitosa,-,"facebook,instagram,messenger,audience_network",-,TRUE
1333313463981628,https://www.facebook.com/ads/library/?id=1333313463981628,2023-10-17,2023-10-17,139743542553866,Jéssica Feitosa,-,"facebook,instagram,messenger,audience_network",-,TRUE
7109899025688887,https://www.facebook.com/ads/library/?id=7109899025688887,2023-10-17,2023-10-17,139743542553866,Jéssica Feitosa,-,"facebook,instagram,messenger,audience_network",-,TRUE
1263992207624576,https://www.facebook.com/ads/library/?id=1263992207624576,2023-10-17,2023-10-17,139743542553866,Jéssica Feitosa,-,"facebook,instagram,messenger,audience_network",-,TRUE
161210027067306,https://www.facebook.com/ads/library/?id=161210027067306,2023-10-17,2023-10-17,162122626975733,Programa Voa Brasil,-,"facebook,instagram,messenger,audience_network",-,TRUE
309610971774667,https://www.facebook.com/ads/library/?id=309610971774667,2023-10-17,2023-10-17,162122626975733,Programa Voa Brasil,-,"facebook,instagram,messenger,audience_network",-,TRUE
701309408537143,https://www.facebook.com/ads/library/?id=701309408537143,2023-10-17,2023-10-17,136802662855631,Marina Cavani,-,"facebook,instagram,messenger,audience_network",-,TRUE
841028517520291,https://www.facebook.com/ads/library/?id=841028517520291,2023-10-17,2023-10-17,100281146440500,Repórter do G1,-,"facebook,instagram,messenger,audience_network",-,TRUE
681051150409070,https://www.facebook.com/ads/library/?id=681051150409070,2023-10-17,2023-10-17,112250627086404,Beatriz Soares,-,"facebook,instagram,messenger,audience_network",-,TRUE
335086158998202,https://www.facebook.com/ads/library/?id=335086158998202,2023-10-17,2023-10-18,117164228024034,Programa VoaBrasil,-,"facebook,instagram,messenger,audience_network",-,TRUE
1263234347683971,https://www.facebook.com/ads/library/?id=1263234347683971,2023-10-17,2023-10-18,117164228024034,Programa VoaBrasil,-,"facebook,instagram,messenger,audience_network",-,TRUE
877442270617204,https://www.facebook.com/ads/library/?id=877442270617204,2023-10-17,2023-10-17,117164228024034,Programa VoaBrasil,-,"facebook,instagram,messenger,audience_network",-,TRUE
995144115044148,https://www.facebook.com/ads/library/?id=995144115044148,2023-10-17,2023-10-17,117164228024034,Programa VoaBrasil,-,"facebook,instagram,messenger,audience_network",-,TRUE
837874247832806,https://www.facebook.com/ads/library/?id=837874247832806,2023-10-17,2023-10-17,117164228024034,Programa VoaBrasil,-,"facebook,instagram,messenger,audience_network",-,TRUE
909538213924243,https://www.facebook.com/ads/library/?id=909538213924243,2023-10-16,2023-10-17,112517521844306,Noticias do Minuto,-,"facebook,instagram",-,TRUE
260061667023945,https://www.facebook.com/ads/library/?id=260061667023945,2023-10-16,2023-10-17,112517521844306,Noticias do Minuto,-,"facebook,instagram",-,TRUE
287891484075779,https://www.facebook.com/ads/library/?id=287891484075779,2023-10-16,2023-10-17,112517521844306,Noticias do Minuto,-,"facebook,instagram",-,TRUE
638638788425442,https://www.facebook.com/ads/library/?id=638638788425442,2023-10-16,2023-10-17,112517521844306,Noticias do Minuto,-,"facebook,instagram",-,TRUE
1058260265359028,https://www.facebook.com/ads/library/?id=1058260265359028,2023-10-16,2023-10-17,112517521844306,Noticias do Minuto,-,"facebook,instagram",-,TRUE
6719874084762002,https://www.facebook.com/ads/library/?id=6719874084762002,2023-10-17,2023-10-17,112517521844306,Noticias do Minuto,-,"facebook,instagram",-,TRUE
304894175585797,https://www.facebook.com/ads/library/?id=304894175585797,2023-10-16,2023-10-17,112517521844306,Noticias do Minuto,-,"facebook,instagram",-,TRUE
708742947773490,https://www.facebook.com/ads/library/?id=708742947773490,2023-10-16,2023-10-17,112517521844306,Noticias do Minuto,-,"facebook,instagram",-,TRUE
6468783753247080,https://www.facebook.com/ads/library/?id=6468783753247080,2023-10-16,2023-10-17,112517521844306,Noticias do Minuto,-,"facebook,instagram",-,TRUE
332207972794786,https://www.facebook.com/ads/library/?id=332207972794786,2023-10-16,2023-10-17,112517521844306,Noticias do Minuto,-,"facebook,instagram",-,TRUE
968797984212112,https://www.facebook.com/ads/library/?id=968797984212112,2023-10-16,2023-10-17,112517521844306,Noticias do Minuto,-,"facebook,instagram",-,TRUE
619193260421942,https://www.facebook.com/ads/library/?id=619193260421942,2023-10-16,2023-10-16,135456446325015,Folha de SP,-,"facebook,instagram",-,TRUE
650422950571322,https://www.facebook.com/ads/library/?id=650422950571322,2023-10-16,2023-10-16,135456446325015,Folha de SP,-,"facebook,instagram",-,TRUE
2447247442137826,https://www.facebook.com/ads/library/?id=2447247442137826,2023-10-16,2023-10-16,103208925053671,G1 Indica,-,"facebook,instagram,messenger,audience_network",-,TRUE
853866066372591,https://www.facebook.com/ads/library/?id=853866066372591,2023-10-16,2023-10-16,121966530873716,Programa Voa Brasil,-,"facebook,instagram,messenger,audience_network",-,TRUE
642058418102975,https://www.facebook.com/ads/library/?id=642058418102975,2023-10-16,2023-10-16,121966530873716,Programa Voa Brasil,-,"facebook,instagram,messenger,audience_network",-,TRUE
346252584449765,https://www.facebook.com/ads/library/?id=346252584449765,2023-10-16,2023-10-16,114335527154506,G1 Notícias,-,"facebook,instagram",-,TRUE
1319307938701470,https://www.facebook.com/ads/library/?id=1319307938701470,2023-10-16,2023-10-16,114335527154506,G1 Notícias,-,"facebook,instagram",-,TRUE
291441160359094,https://www.facebook.com/ads/library/?id=291441160359094,2023-10-16,2023-10-16,114335527154506,G1 Notícias,-,"facebook,instagram",-,TRUE
654820926779188,https://www.facebook.com/ads/library/?id=654820926779188,2023-10-16,2023-10-17,114335527154506,G1 Notícias,-,"facebook,instagram",-,TRUE
1025746898551585,https://www.facebook.com/ads/library/?id=1025746898551585,2023-10-16,2023-10-16,102622242715360,Larissa Lima,-,"facebook,instagram,messenger,audience_network",-,TRUE
163067823542920,https://www.facebook.com/ads/library/?id=163067823542920,2023-10-15,2023-10-16,138571906006604,CNN Noticias,-,"facebook,instagram,messenger,audience_network",-,TRUE
231369946332763,https://www.facebook.com/ads/library/?id=231369946332763,2023-10-15,2023-10-16,138571906006604,CNN Noticias,-,"facebook,instagram,messenger,audience_network",-,TRUE
349955467471841,https://www.facebook.com/ads/library/?id=349955467471841,2023-10-15,2023-10-16,138571906006604,CNN Noticias,-,"facebook,instagram,messenger,audience_network",-,TRUE
740494151426554,https://www.facebook.com/ads/library/?id=740494151426554,2023-10-15,2023-10-16,138571906006604,CNN Noticias,-,"facebook,instagram,messenger,audience_network",-,TRUE
873760580785672,https://www.facebook.com/ads/library/?id=873760580785672,2023-10-16,2023-10-16,138571906006604,CNN Noticias,-,"facebook,instagram,messenger,audience_network",-,TRUE
926089598887313,https://www.facebook.com/ads/library/?id=926089598887313,2023-10-16,2023-10-16,138571906006604,CNN Noticias,-,"facebook,instagram,messenger,audience_network",-,TRUE
3562376800676686,https://www.facebook.com/ads/library/?id=3562376800676686,2023-10-15,2023-10-16,138571906006604,CNN Noticias,-,"facebook,instagram,messenger,audience_network",-,TRUE
137509969450964,https://www.facebook.com/ads/library/?id=137509969450964,2023-10-15,2023-10-16,159869887200039,Programa - Voa Brasil,-,"facebook,instagram,messenger,audience_network",-,TRUE
860437065645915,https://www.facebook.com/ads/library/?id=860437065645915,2023-10-15,2023-10-15,159869887200039,Programa - Voa Brasil,-,"facebook,instagram,messenger,audience_network",-,TRUE
662255609376182,https://www.facebook.com/ads/library/?id=662255609376182,2023-10-15,2023-10-16,159869887200039,Programa - Voa Brasil,-,"facebook,instagram,messenger,audience_network",-,TRUE
230031630080584,https://www.facebook.com/ads/library/?id=230031630080584,2023-10-15,2023-10-16,159869887200039,Programa - Voa Brasil,-,"facebook,instagram,messenger,audience_network",-,TRUE
291457883751463,https://www.facebook.com/ads/library/?id=291457883751463,2023-10-15,2023-10-15,139743542553866,Jéssica Feitosa,-,"facebook,instagram,messenger,audience_network",-,TRUE
842243620642967,https://www.facebook.com/ads/library/?id=842243620642967,2023-10-15,2023-10-15,139743542553866,Jéssica Feitosa,-,"facebook,instagram,messenger,audience_network",-,TRUE
1025341832068259,https://www.facebook.com/ads/library/?id=1025341832068259,2023-10-15,2023-10-15,139743542553866,Jéssica Feitosa,-,"facebook,instagram,messenger,audience_network",-,TRUE
1037892757538256,https://www.facebook.com/ads/library/?id=1037892757538256,2023-10-15,2023-10-15,139743542553866,Jéssica Feitosa,-,"facebook,instagram,messenger,audience_network",-,TRUE
1464441541067358,https://www.facebook.com/ads/library/?id=1464441541067358,2023-10-15,2023-10-15,139743542553866,Jéssica Feitosa,-,"facebook,instagram,messenger,audience_network",-,TRUE
2004372456614547,https://www.facebook.com/ads/library/?id=2004372456614547,2023-10-15,2023-10-15,139743542553866,Jéssica Feitosa,-,"facebook,instagram,messenger,audience_network",-,TRUE
2035737853441704,https://www.facebook.com/ads/library/?id=2035737853441704,2023-10-15,2023-10-15,139743542553866,Jéssica Feitosa,-,"facebook,instagram,messenger,audience_network",-,TRUE
1049991103109895,https://www.facebook.com/ads/library/?id=1049991103109895,2023-10-15,2023-10-15,138571906006604,CNN Noticias,-,"facebook,instagram,messenger,audience_network",-,TRUE
1769284750177004,https://www.facebook.com/ads/library/?id=1769284750177004,2023-10-15,2023-10-15,138571906006604,CNN Noticias,-,"facebook,instagram,messenger,audience_network",-,TRUE
1452497575323678,https://www.facebook.com/ads/library/?id=1452497575323678,2023-10-14,2023-10-14,154440957746831,Programa Voa Brasil,-,"facebook,instagram,messenger,audience_network",-,TRUE
1739423536481028,https://www.facebook.com/ads/library/?id=1739423536481028,2023-10-14,2023-10-14,154440957746831,Programa Voa Brasil,-,"facebook,instagram,messenger,audience_network",-,TRUE
1381821746099655,https://www.facebook.com/ads/library/?id=1381821746099655,2023-10-14,2023-10-16,131289243409642,Programa VoaBrasil,-,"facebook,instagram,messenger,audience_network",-,TRUE
3494863907431057,https://www.facebook.com/ads/library/?id=3494863907431057,2023-10-14,2023-10-16,131289243409642,Programa VoaBrasil,-,"facebook,instagram,messenger,audience_network",-,TRUE
1010185996878687,https://www.facebook.com/ads/library/?id=1010185996878687,2023-10-14,2023-10-15,154440957746831,Programa Voa Brasil,-,"facebook,instagram,messenger,audience_network",-,TRUE
281037981474624,https://www.facebook.com/ads/library/?id=281037981474624,2023-10-14,2023-10-16,131289243409642,Programa VoaBrasil,-,"facebook,instagram,messenger,audience_network",-,TRUE
674652327965842,https://www.facebook.com/ads/library/?id=674652327965842,2023-10-14,2023-10-15,154440957746831,Programa Voa Brasil,-,"facebook,instagram,messenger,audience_network",-,TRUE
3221785631298234,https://www.facebook.com/ads/library/?id=3221785631298234,2023-10-14,2023-10-15,154440957746831,Programa Voa Brasil,-,"facebook,instagram,messenger,audience_network",-,TRUE
876555583517593,https://www.facebook.com/ads/library/?id=876555583517593,2023-10-14,2023-10-15,147486825108514,Folha de Hoje,-,"facebook,instagram,messenger,audience_network",-,TRUE
1273579896674681,https://www.facebook.com/ads/library/?id=1273579896674681,2023-10-14,2023-10-15,155718130948639,Programa Voa Brasil,-,"facebook,instagram,messenger,audience_network",-,TRUE
347152947709822,https://www.facebook.com/ads/library/?id=347152947709822,2023-10-14,2023-10-14,155718130948639,Programa Voa Brasil,-,"facebook,instagram,messenger,audience_network",-,TRUE
1374200923515286,https://www.facebook.com/ads/library/?id=1374200923515286,2023-10-14,2023-10-15,155718130948639,Programa Voa Brasil,-,"facebook,instagram,messenger,audience_network",-,TRUE
1000234687901293,https://www.facebook.com/ads/library/?id=1000234687901293,2023-10-14,2023-10-14,131289243409642,Programa VoaBrasil,-,"facebook,instagram,messenger,audience_network",-,TRUE
306363002130382,https://www.facebook.com/ads/library/?id=306363002130382,2023-10-14,2023-10-14,100281523163151,Dário Henry,-,"facebook,instagram,messenger,audience_network",-,TRUE
287329660843492,https://www.facebook.com/ads/library/?id=287329660843492,2023-10-14,2023-10-15,155718130948639,Programa Voa Brasil,-,"facebook,instagram,messenger,audience_network",-,TRUE
354372813738510,https://www.facebook.com/ads/library/?id=354372813738510,2023-10-13,2023-10-15,141505979035350,Julianne Castrinn,-,"facebook,instagram,messenger,audience_network",-,TRUE
867391121652458,https://www.facebook.com/ads/library/?id=867391121652458,2023-10-13,2023-10-14,141505979035350,Julianne Castrinn,-,"facebook,instagram,messenger,audience_network",-,TRUE
1364496390833874,https://www.facebook.com/ads/library/?id=1364496390833874,2023-10-13,2023-10-15,128823546987251,Programa Voa Brasil,-,"facebook,instagram,messenger,audience_network",-,TRUE
290626053909756,https://www.facebook.com/ads/library/?id=290626053909756,2023-10-13,2023-10-14,131289243409642,Programa VoaBrasil,-,"facebook,instagram,messenger,audience_network",-,TRUE
295005086704666,https://www.facebook.com/ads/library/?id=295005086704666,2023-10-13,2023-10-13,131289243409642,Programa VoaBrasil,-,"facebook,instagram,messenger,audience_network",-,TRUE
317227427607635,https://www.facebook.com/ads/library/?id=317227427607635,2023-10-13,2023-10-13,131289243409642,Programa VoaBrasil,-,"facebook,instagram,messenger,audience_network",-,TRUE
637394478478453,https://www.facebook.com/ads/library/?id=637394478478453,2023-10-13,2023-10-13,131289243409642,Programa VoaBrasil,-,"facebook,instagram,messenger,audience_network",-,TRUE
828364405418317,https://www.facebook.com/ads/library/?id=828364405418317,2023-10-13,2023-10-13,131289243409642,Programa VoaBrasil,-,"facebook,instagram,messenger,audience_network",-,TRUE
1046208536815903,https://www.facebook.com/ads/library/?id=1046208536815903,2023-10-13,2023-10-14,131289243409642,Programa VoaBrasil,-,"facebook,instagram,messenger,audience_network",-,TRUE
219827977588010,https://www.facebook.com/ads/library/?id=219827977588010,2023-10-13,2023-10-13,111236565297117,Viviane Santos,-,"facebook,instagram,messenger,audience_network",-,TRUE
231089786618973,https://www.facebook.com/ads/library/?id=231089786618973,2023-10-13,2023-10-13,111236565297117,Viviane Santos,-,"facebook,instagram,messenger,audience_network",-,TRUE
359320199881160,https://www.facebook.com/ads/library/?id=359320199881160,2023-10-13,2023-10-13,111236565297117,Viviane Santos,-,"facebook,instagram,messenger,audience_network",-,TRUE
631397159167305,https://www.facebook.com/ads/library/?id=631397159167305,2023-10-13,2023-10-14,111236565297117,Viviane Santos,-,"facebook,instagram,messenger,audience_network",-,TRUE
714399474050884,https://www.facebook.com/ads/library/?id=714399474050884,2023-10-13,2023-10-13,111236565297117,Viviane Santos,-,"facebook,instagram,messenger,audience_network",-,TRUE
745482390721135,https://www.facebook.com/ads/library/?id=745482390721135,2023-10-13,2023-10-13,111236565297117,Viviane Santos,-,"facebook,instagram,messenger,audience_network",-,TRUE
1422693138647643,https://www.facebook.com/ads/library/?id=1422693138647643,2023-10-13,2023-10-13,111236565297117,Viviane Santos,-,"facebook,instagram,messenger,audience_network",-,TRUE
1489602945170614,https://www.facebook.com/ads/library/?id=1489602945170614,2023-10-13,2023-10-13,111236565297117,Viviane Santos,-,"facebook,instagram,messenger,audience_network",-,TRUE
651054616860496,https://www.facebook.com/ads/library/?id=651054616860496,2023-10-12,2023-10-13,111236565297117,Viviane Santos,-,"facebook,instagram,messenger,audience_network",-,TRUE
1501825727231581,https://www.facebook.com/ads/library/?id=1501825727231581,2023-10-13,2023-10-13,111236565297117,Viviane Santos,-,"facebook,instagram,messenger,audience_network",-,TRUE
6683559071731449,https://www.facebook.com/ads/library/?id=6683559071731449,2023-10-13,2023-10-14,111236565297117,Viviane Santos,-,"facebook,instagram,messenger,audience_network",-,TRUE
857648359414728,https://www.facebook.com/ads/library/?id=857648359414728,2023-10-12,2023-10-12,152985507890865,Márcia Brito,-,"facebook,instagram,messenger,audience_network",-,TRUE
1378003959806597,https://www.facebook.com/ads/library/?id=1378003959806597,2023-10-10,2023-10-10,109369632254743,Brasil Noticias,-,"facebook,instagram,messenger,audience_network",-,TRUE
1635252914009124,https://www.facebook.com/ads/library/?id=1635252914009124,2023-10-09,2023-10-10,109369632254743,Brasil Noticias,-,"facebook,instagram,messenger,audience_network",-,TRUE
1804040830016380,https://www.facebook.com/ads/library/?id=1804040830016380,2023-10-09,2023-10-10,109369632254743,Brasil Noticias,-,"facebook,instagram,messenger,audience_network",-,TRUE
2551841521632588,https://www.facebook.com/ads/library/?id=2551841521632588,2023-10-09,2023-10-10,109369632254743,Brasil Noticias,-,"facebook,instagram,messenger,audience_network",-,TRUE
1650431002110768,https://www.facebook.com/ads/library/?id=1650431002110768,2023-10-07,2023-10-08,149607114895772,Noticias Gov,-,"facebook,instagram,messenger,audience_network",-,TRUE
873018607492860,https://www.facebook.com/ads/library/?id=873018607492860,2023-10-07,2023-10-08,149607114895772,Noticias Gov,-,"facebook,instagram,messenger,audience_network",-,TRUE
1551538328717001,https://www.facebook.com/ads/library/?id=1551538328717001,2023-10-07,2023-10-08,149607114895772,Noticias Gov,-,"facebook,instagram,messenger,audience_network",-,TRUE
1878825942515373,https://www.facebook.com/ads/library/?id=1878825942515373,2023-10-07,2023-10-08,149607114895772,Noticias Gov,-,"facebook,instagram,messenger,audience_network",-,TRUE
846233443622390,https://www.facebook.com/ads/library/?id=846233443622390,2023-10-07,2023-10-08,149607114895772,Noticias Gov,-,"facebook,instagram,messenger,audience_network",-,TRUE
1320108835563374,https://www.facebook.com/ads/library/?id=1320108835563374,2023-10-07,2023-10-08,149607114895772,Noticias Gov,-,"facebook,instagram,messenger,audience_network",-,TRUE
338287368584658,https://www.facebook.com/ads/library/?id=338287368584658,2023-10-07,2023-10-08,149607114895772,Noticias Gov,-,"facebook,instagram,messenger,audience_network",-,TRUE
726847402595197,https://www.facebook.com/ads/library/?id=726847402595197,2023-10-07,2023-10-08,149607114895772,Noticias Gov,-,"facebook,instagram,messenger,audience_network",-,TRUE
1034895977869738,https://www.facebook.com/ads/library/?id=1034895977869738,2023-10-07,2023-10-07,149607114895772,Noticias Gov,-,"facebook,instagram,messenger,audience_network",-,TRUE
650942420460567,https://www.facebook.com/ads/library/?id=650942420460567,2023-10-07,2023-10-08,149607114895772,Noticias Gov,-,"facebook,instagram,messenger,audience_network",-,TRUE
299245772822817,https://www.facebook.com/ads/library/?id=299245772822817,2023-10-07,2023-10-08,149607114895772,Noticias Gov,-,"facebook,instagram,messenger,audience_network",-,TRUE
1392400675012088,https://www.facebook.com/ads/library/?id=1392400675012088,2023-10-07,2023-10-08,149607114895772,Noticias Gov,-,"facebook,instagram,messenger,audience_network",-,TRUE
1358985064695319,https://www.facebook.com/ads/library/?id=1358985064695319,2023-10-07,2023-10-08,149607114895772,Noticias Gov,-,"facebook,instagram,messenger,audience_network",-,TRUE
1977080922661578,https://www.facebook.com/ads/library/?id=1977080922661578,2023-10-07,2023-10-08,149607114895772,Noticias Gov,-,"facebook,instagram,messenger,audience_network",-,TRUE
1657841224708708,https://www.facebook.com/ads/library/?id=1657841224708708,2023-10-07,2023-10-08,149607114895772,Noticias Gov,-,"facebook,instagram,messenger,audience_network",-,TRUE
7059191027449009,https://www.facebook.com/ads/library/?id=7059191027449009,2023-10-07,2023-10-08,149607114895772,Noticias Gov,-,"facebook,instagram,messenger,audience_network",-,TRUE
1031288657903646,https://www.facebook.com/ads/library/?id=1031288657903646,2023-10-07,2023-10-08,149607114895772,Noticias Gov,-,"facebook,instagram,messenger,audience_network",-,TRUE
3700063870274919,https://www.facebook.com/ads/library/?id=3700063870274919,2023-10-07,2023-10-07,149607114895772,Noticias Gov,-,"facebook,instagram,messenger,audience_network",-,TRUE
725444306088924,https://www.facebook.com/ads/library/?id=725444306088924,2023-10-07,2023-10-08,149607114895772,Noticias Gov,-,"facebook,instagram,messenger,audience_network",-,TRUE
1069877781049328,https://www.facebook.com/ads/library/?id=1069877781049328,2023-10-07,2023-10-07,149607114895772,Noticias Gov,-,"facebook,instagram,messenger,audience_network",-,TRUE
316518737691007,https://www.facebook.com/ads/library/?id=316518737691007,2023-10-07,2023-10-08,149607114895772,Noticias Gov,-,"facebook,instagram,messenger,audience_network",-,TRUE
343936938036694,https://www.facebook.com/ads/library/?id=343936938036694,2023-10-07,2023-10-07,149607114895772,Noticias Gov,-,"facebook,instagram,messenger,audience_network",-,TRUE
1619707015231818,https://www.facebook.com/ads/library/?id=1619707015231818,2023-10-07,2023-10-07,149607114895772,Noticias Gov,-,"facebook,instagram,messenger,audience_network",-,TRUE
1520321665387079,https://www.facebook.com/ads/library/?id=1520321665387079,2023-10-07,2023-10-07,149607114895772,Noticias Gov,-,"facebook,instagram,messenger,audience_network",-,TRUE
699308821688732,https://www.facebook.com/ads/library/?id=699308821688732,2023-10-07,2023-10-08,149607114895772,Noticias Gov,-,"facebook,instagram,messenger,audience_network",-,TRUE
1054242425758216,https://www.facebook.com/ads/library/?id=1054242425758216,2023-10-07,2023-10-08,149607114895772,Noticias Gov,-,"facebook,instagram,messenger,audience_network",-,TRUE
256796300678967,https://www.facebook.com/ads/library/?id=256796300678967,2023-10-07,2023-10-07,149607114895772,Noticias Gov,-,"facebook,instagram,messenger,audience_network",-,TRUE
1475377566585926,https://www.facebook.com/ads/library/?id=1475377566585926,2023-10-07,2023-10-08,149607114895772,Noticias Gov,-,"facebook,instagram,messenger,audience_network",-,TRUE
284576221188084,https://www.facebook.com/ads/library/?id=284576221188084,2023-10-07,2023-10-08,149607114895772,Noticias Gov,-,"facebook,instagram,messenger,audience_network",-,TRUE
881333880085986,https://www.facebook.com/ads/library/?id=881333880085986,2023-10-07,2023-10-07,149607114895772,Noticias Gov,-,"facebook,instagram,messenger,audience_network",-,TRUE
1000984157796071,https://www.facebook.com/ads/library/?id=1000984157796071,2023-10-07,2023-10-08,149607114895772,Noticias Gov,-,"facebook,instagram,messenger,audience_network",-,TRUE
1357031054902402,https://www.facebook.com/ads/library/?id=1357031054902402,2023-10-07,2023-10-08,149607114895772,Noticias Gov,-,"facebook,instagram,messenger,audience_network",-,TRUE
861060448939401,https://www.facebook.com/ads/library/?id=861060448939401,2023-10-07,2023-10-08,149607114895772,Noticias Gov,-,"facebook,instagram,messenger,audience_network",-,TRUE
633868705530485,https://www.facebook.com/ads/library/?id=633868705530485,2023-10-07,2023-10-07,149607114895772,Noticias Gov,-,"facebook,instagram,messenger,audience_network",-,TRUE
1362582838027139,https://www.facebook.com/ads/library/?id=1362582838027139,2023-10-07,2023-10-08,149607114895772,Noticias Gov,-,"facebook,instagram,messenger,audience_network",-,TRUE
1551522182302984,https://www.facebook.com/ads/library/?id=1551522182302984,2023-10-07,2023-10-08,149607114895772,Noticias Gov,-,"facebook,instagram,messenger,audience_network",-,TRUE
160334560471434,https://www.facebook.com/ads/library/?id=160334560471434,2023-10-07,2023-10-07,149607114895772,Noticias Gov,-,"facebook,instagram,messenger,audience_network",-,TRUE
1838193549930448,https://www.facebook.com/ads/library/?id=1838193549930448,2023-10-07,2023-10-07,149607114895772,Noticias Gov,-,"facebook,instagram,messenger,audience_network",-,TRUE
2617079945124506,https://www.facebook.com/ads/library/?id=2617079945124506,2023-10-07,2023-10-07,149607114895772,Noticias Gov,-,"facebook,instagram,messenger,audience_network",-,TRUE
255534046968991,https://www.facebook.com/ads/library/?id=255534046968991,2023-10-07,2023-10-08,149607114895772,Noticias Gov,-,"facebook,instagram,messenger,audience_network",-,TRUE
1961788767518752,https://www.facebook.com/ads/library/?id=1961788767518752,2023-10-07,2023-10-08,149607114895772,Noticias Gov,-,"facebook,instagram,messenger,audience_network",-,TRUE
334024322614718,https://www.facebook.com/ads/library/?id=334024322614718,2023-10-07,2023-10-07,149607114895772,Noticias Gov,-,"facebook,instagram,messenger,audience_network",-,TRUE
342190178336243,https://www.facebook.com/ads/library/?id=342190178336243,2023-10-07,2023-10-08,149607114895772,Noticias Gov,-,"facebook,instagram,messenger,audience_network",-,TRUE
307954485200437,https://www.facebook.com/ads/library/?id=307954485200437,2023-10-07,2023-10-07,149607114895772,Noticias Gov,-,"facebook,instagram,messenger,audience_network",-,TRUE
6584085375041692,https://www.facebook.com/ads/library/?id=6584085375041692,2023-10-07,2023-10-07,128823546987251,Programa Voa Brasil,-,"facebook,instagram,messenger,audience_network",-,TRUE
291176207043429,https://www.facebook.com/ads/library/?id=291176207043429,2023-10-07,2023-10-07,128823546987251,Programa Voa Brasil,-,"facebook,instagram,messenger,audience_network",-,TRUE
344115374685544,https://www.facebook.com/ads/library/?id=344115374685544,2023-10-06,2023-10-07,128823546987251,Programa Voa Brasil,-,"facebook,instagram,messenger,audience_network",-,TRUE
703609401795392,https://www.facebook.com/ads/library/?id=703609401795392,2023-10-07,2023-10-07,128823546987251,Programa Voa Brasil,-,"facebook,instagram,messenger,audience_network",-,TRUE
897541135269268,https://www.facebook.com/ads/library/?id=897541135269268,2023-10-03,2023-10-03,135101336354635,Programa VoaBrasil,-,"facebook,instagram,messenger,audience_network",-,TRUE